filename,caption,tag
IMG_2341.webp,,Christmas
IMG_4116.webp,,Easter
IMG_7447.webp,,Valentine's Day
DSC_4380.webp,,Christmas
IMG_2410.webp,,Christmas
IMG_2222.webp,,Christmas
DSC_6646.webp,Lemon Raspberry Filled Cake,Birthday
IMG_8896.webp,Film set cookies for friends!,Occassions
IMG_3727.webp,Bunny in carrot car!,Easter
DSC_0962.webp,Chocolate Orange Cake,Birthday
IMG_9626.webp,,Easter
IMG_1070.webp,Fun hamburger shaped cookies!,Occassions
IMG_3990.webp,Cinnamon Rolls for any occasion!,Occassions
IMG_6101.webp,,Christmas
IMG_6560.webp,,Christmas
DSC_0354.webp,Valentine's Day,Valentine's Day
IMG_7960.webp,A friend's birthday!,Birthday 
IMG_8747.webp,Lemon Lavendar Scone,Occassions
DSC_3700.webp,Made for a friend's wedding.,Wedding
IMG_4217.webp,Graduation party!,Graduation 
IMG_6293.webp,,Christmas
IMG_9538.webp,,Thanksgiving
DSC_4351.webp,,Christmas
IMG_9215.webp,Bridal Shower,Bridal Shower
DSC_6088.webp,,Graduation 
DSC_3669.webp,,Birthday 
IMG_1550.webp,,Baby Shower
DSC_3453.webp,Under-the-Sea themed Baby Shower,Baby Shower
IMG_7787.webp,Baby lamb cookies,Baby Shower
IMG_6580.webp,,Christmas
IMG_1631.webp,,Wedding 
DSC_0347.webp,,Valentine's Day
IMG_6117.webp,,Christmas
IMG_7075.webp,"""Oh boy, it's a BOY!"" cookies!",Baby Shower
IMG_8277.webp,,Birthday
IMG_5950.webp,,Christmas
IMG_9227.webp,,Wedding
IMG_3478.webp,,Easter
IMG_1096.webp,Fourth of July Party,Fourth of July
IMG_1823.webp,,Wedding
DSC_3660.webp,,Birthday
DSC_3714.webp,,Wedding
DSC_5847.webp,Mocha Chocolate Macarons,Occassions
IMG_7143.webp,,Baby Shower
IMG_6024.webp,,Christmas
IMG_4037.webp,,Occassions
IMG_5456.webp,,Thanksgiving
IMG_9614.webp,,Easter
DSC_3438.webp,,Baby Shower 
IMG_5704.webp,,Thanksgiving
IMG_1681.webp,,Occassions
IMG_1939.webp,,Thanksgiving
IMG_2359.webp,,Christmas 
IMG_7952.webp,He is Risen!,Easter
IMG_7797.webp,,Occassions
IMG_1032.webp,,Fourth of July
DSC_4374.webp,,Christmas
DSC_3701.webp,,Wedding
DSC_5846.webp,Mocha Chocolate Macarons,Birthday
IMG_1098.webp,,Fourth of July
DSC_3663.webp,,Birthday
IMG_9537.webp,,Thanksgiving
DSC_3448.webp,,Baby Shower
IMG_3725.webp,,Easter
IMG_5954.webp,,Christmas
IMG_9536.webp,,Valentine's Day
IMG_9625.webp,,Birthday
